file,group,time,channel,n_cells,mean_cell_intensity,median_cell_intensity,mean_nonzero_pixels,fold_change
TAMO-MB231,Chemoresistant,0,LipiBlue,350,20.074174880981445,20.114089965820312,14318.285714285714,1.0
TAMO-MB231,Chemoresistant,0,342,350,50.57014465332031,50.039459228515625,13843.07142857143,1.0
TAMO-MB231,Chemoresistant,0,BODIPY,350,36.04677200317383,40.53269958496094,20264.785714285714,1.0
TAMO-MB231,Chemoresistant,0,pHrodo,350,23.11939811706543,23.027891159057617,14882.42857142857,1.0
TAMO-MB231,Chemoresistant,0,TMRM,350,17.039684295654297,17.33148956298828,13039.285714285714,1.0
TAMO-MB231,Chemoresistant,0,Lyso,350,14.147686958312988,15.126522064208984,14007.714285714286,1.0
TAMO-MB231,Chemoresistant,0,Tubulin,350,44.43061447143555,46.60517120361328,24971.214285714286,1.0
TAMO-MB231,Chemoresistant,1,LipiBlue,350,17.16573715209961,16.805559158325195,12184.92857142857,0.8551154532564459
TAMO-MB231,Chemoresistant,1,342,350,36.93290710449219,40.56489181518555,11692.785714285714,0.7303302641841912
TAMO-MB231,Chemoresistant,1,BODIPY,350,31.441640853881836,30.854482650756836,17143.5,0.8722456715711875
TAMO-MB231,Chemoresistant,1,pHrodo,350,19.027191162109375,19.213623046875,12434.92857142857,0.8229968213603528
TAMO-MB231,Chemoresistant,1,TMRM,350,15.11050796508789,15.078690528869629,11163.214285714286,0.8867833290163473
TAMO-MB231,Chemoresistant,1,Lyso,350,12.695387840270996,12.649541854858398,11836.142857142857,0.8973472397063011
TAMO-MB231,Chemoresistant,1,Tubulin,350,41.267723083496094,39.53593826293945,21337.428571428572,0.928812792135187
TAMO-MB231,Chemoresistant,2,LipiBlue,525,15.841793060302734,15.437043190002441,7596.476190476191,0.7891628499914819
TAMO-MB231,Chemoresistant,2,342,525,33.25743103027344,20.401134490966797,7323.9047619047615,0.6576495135275401
TAMO-MB231,Chemoresistant,2,BODIPY,525,36.722320556640625,30.008607864379883,10621.761904761905,1.018740889015175
TAMO-MB231,Chemoresistant,2,pHrodo,525,22.51420021057129,21.561168670654297,7750.333333333333,0.9738229384939127
TAMO-MB231,Chemoresistant,2,TMRM,525,16.3287410736084,15.611215591430664,6949.428571428572,0.9582772069182518
TAMO-MB231,Chemoresistant,2,Lyso,525,13.911456108093262,13.282295227050781,7301.476190476191,0.9833025107979987
TAMO-MB231,Chemoresistant,2,Tubulin,525,43.399925231933594,42.29019546508789,13280.0,0.976802273572773
TAMO-MB231,Chemoresistant,3,LipiBlue,400,14.561670303344727,14.548759460449219,10451.875,0.7253932173890074
TAMO-MB231,Chemoresistant,3,342,400,35.20364761352539,38.780494689941406,10112.4375,0.6961349993135526
TAMO-MB231,Chemoresistant,3,BODIPY,400,27.999353408813477,27.598440170288086,14539.3125,0.7767506451437095
TAMO-MB231,Chemoresistant,3,pHrodo,400,17.59430694580078,18.01105499267578,10542.8125,0.7610192469852258
TAMO-MB231,Chemoresistant,3,TMRM,400,13.893263816833496,14.444849014282227,9604.5,0.8153474897640418
TAMO-MB231,Chemoresistant,3,Lyso,400,11.546597480773926,11.669166564941406,9910.8125,0.8161473684565308
TAMO-MB231,Chemoresistant,3,Tubulin,400,37.641014099121094,37.894107818603516,18329.25,0.8471864399561818
TAMO-MB231,Chemoresistant,4,LipiBlue,250,15.817378997802734,16.300504684448242,14990.1,0.7879466574134681
TAMO-MB231,Chemoresistant,4,342,250,34.51225662231445,35.13544464111328,13946.2,0.6824630789354181
TAMO-MB231,Chemoresistant,4,BODIPY,250,32.15425109863281,29.55663299560547,21278.3,0.8920147162082006
TAMO-MB231,Chemoresistant,4,pHrodo,250,19.118953704833984,17.91546630859375,14972.8,0.8269658927981112
TAMO-MB231,Chemoresistant,4,TMRM,250,15.344818115234375,15.080499649047852,13713.4,0.9005341794476691
TAMO-MB231,Chemoresistant,4,Lyso,250,12.648350715637207,12.272359848022461,13902.0,0.8940225178084823
TAMO-MB231,Chemoresistant,4,Tubulin,250,44.56572341918945,41.56336212158203,26175.7,1.0030408975739187
TAMO-MB231,Chemoresistant,5,LipiBlue,350,13.61678695678711,13.112648010253906,8483.07142857143,0.6783236191534748
TAMO-MB231,Chemoresistant,5,342,350,22.43526840209961,16.310945510864258,6913.785714285715,0.4436465142803693
TAMO-MB231,Chemoresistant,5,BODIPY,350,22.751564025878906,19.97992515563965,11520.285714285714,0.6311678622395284
TAMO-MB231,Chemoresistant,5,pHrodo,350,15.327783584594727,13.991044998168945,7591.214285714285,0.6629836774721495
TAMO-MB231,Chemoresistant,5,TMRM,350,14.02077579498291,13.503607749938965,7734.571428571428,0.8228307257170655
TAMO-MB231,Chemoresistant,5,Lyso,350,11.16257095336914,10.568263053894043,7295.142857142857,0.7890032474043516
TAMO-MB231,Chemoresistant,5,Tubulin,350,49.16691970825195,46.10081481933594,14456.5,1.1066000390307764
TAMO-MB231,Chemoresistant,6,LipiBlue,300,14.461002349853516,15.763120651245117,9518.0,0.720378418320649
TAMO-MB231,Chemoresistant,6,342,300,24.005178451538086,21.092571258544922,7839.583333333333,0.474690721493951
TAMO-MB231,Chemoresistant,6,BODIPY,300,28.38555908203125,28.712343215942383,12958.916666666666,0.7874646606229255
TAMO-MB231,Chemoresistant,6,pHrodo,300,17.52197265625,19.220623016357422,8487.5,0.7578905197932585
TAMO-MB231,Chemoresistant,6,TMRM,300,15.046679496765137,16.20513343811035,8733.916666666666,0.8830374574840307
TAMO-MB231,Chemoresistant,6,Lyso,300,11.855753898620605,12.428548812866211,8022.25,0.837999450620748
TAMO-MB231,Chemoresistant,6,Tubulin,300,52.12907028198242,47.618717193603516,16074.166666666666,1.173269172666883
TAMO_p1,Chemoresistant,0,LipiBlue,425,19.327550888061523,14.210460662841797,6476.176470588235,1.0
TAMO_p1,Chemoresistant,0,342,425,129.18226623535156,99.17935943603516,8880.35294117647,1.0
TAMO_p1,Chemoresistant,0,BODIPY,425,14.978991508483887,14.201183319091797,7668.411764705882,1.0
TAMO_p1,Chemoresistant,0,pHrodo,425,19.223377227783203,19.012813568115234,7521.705882352941,1.0
TAMO_p1,Chemoresistant,0,TMRM,425,22.06855010986328,23.770957946777344,7684.294117647059,1.0
TAMO_p1,Chemoresistant,0,Lyso,425,13.942100524902344,11.181906700134277,6791.941176470588,1.0
TAMO_p1,Chemoresistant,0,Tubulin,425,21.350427627563477,22.221818923950195,12897.823529411764,1.0
TAMO_p1,Chemoresistant,1,LipiBlue,450,16.802120208740234,14.067806243896484,7440.666666666667,0.8693351944099018
TAMO_p1,Chemoresistant,1,342,450,95.85150146484375,72.16775512695312,9892.055555555555,0.7419865300258478
TAMO_p1,Chemoresistant,1,BODIPY,450,14.930099487304688,13.551749229431152,8874.722222222223,0.9967359604181959
TAMO_p1,Chemoresistant,1,pHrodo,450,17.824899673461914,16.406557083129883,8236.777777777777,0.9272512036906765
TAMO_p1,Chemoresistant,1,TMRM,450,18.922321319580078,18.861513137817383,8402.444444444445,0.8574338243962374
TAMO_p1,Chemoresistant,1,Lyso,450,11.703699111938477,10.532692909240723,7287.111111111111,0.8394502027176034
TAMO_p1,Chemoresistant,1,Tubulin,450,22.8647518157959,23.636323928833008,14577.833333333334,1.0709271127795785
TAMO_p1,Chemoresistant,2,LipiBlue,700,17.54792594909668,16.991193771362305,3967.6785714285716,0.9079228946661781
TAMO_p1,Chemoresistant,2,342,700,91.97557830810547,74.83895111083984,5384.178571428572,0.7119830065571009
TAMO_p1,Chemoresistant,2,BODIPY,700,18.452346801757812,17.161876678466797,4586.964285714285,1.2318817853195703
TAMO_p1,Chemoresistant,2,pHrodo,700,21.79279327392578,19.136192321777344,4083.8571428571427,1.133661011574441
TAMO_p1,Chemoresistant,2,TMRM,700,21.10719871520996,21.94923210144043,4400.357142857143,0.9564379449548135
TAMO_p1,Chemoresistant,2,Lyso,700,15.662614822387695,12.527557373046875,3745.535714285714,1.1234042384368337
TAMO_p1,Chemoresistant,2,Tubulin,700,28.946674346923828,28.03854751586914,7513.642857142857,1.3557889730299157
TAMO_p1,Chemoresistant,3,LipiBlue,650,18.8455867767334,16.460735321044922,4472.615384615385,0.9750633634794448
TAMO_p1,Chemoresistant,3,342,650,108.22538757324219,74.8887939453125,5584.0,0.8377727897734125
TAMO_p1,Chemoresistant,3,BODIPY,650,19.524404525756836,20.078733444213867,5252.7307692307695,1.3034525398254277
TAMO_p1,Chemoresistant,3,pHrodo,650,23.28841209411621,21.29916763305664,4603.2307692307695,1.2114630961128872
TAMO_p1,Chemoresistant,3,TMRM,650,23.87999725341797,21.765491485595703,5189.384615384615,1.0820827437478588
TAMO_p1,Chemoresistant,3,Lyso,650,15.938823699951172,12.929370880126953,4109.307692307692,1.1432153764407615
TAMO_p1,Chemoresistant,3,Tubulin,650,30.77386474609375,27.08179473876953,8523.615384615385,1.441369947380566
TAMO_p1,Chemoresistant,4,LipiBlue,525,17.04473876953125,15.682238578796387,6145.142857142857,0.8818881848118507
TAMO_p1,Chemoresistant,4,342,525,106.1888656616211,64.02974700927734,7187.476190476191,0.8220080724405331
TAMO_p1,Chemoresistant,4,BODIPY,525,14.834153175354004,13.877564430236816,7300.714285714285,0.9903305684466241
TAMO_p1,Chemoresistant,4,pHrodo,525,15.978846549987793,15.668350219726562,6279.952380952381,0.8312195282155651
TAMO_p1,Chemoresistant,4,TMRM,525,18.77716827392578,19.22043228149414,7044.0,0.8508564532082035
TAMO_p1,Chemoresistant,4,Lyso,525,10.2085542678833,10.173538208007812,5609.428571428572,0.7322106342333093
TAMO_p1,Chemoresistant,4,Tubulin,525,30.14622688293457,28.21820640563965,11624.809523809523,1.4119729781906423
TAMO_p1,Chemoresistant,5,LipiBlue,550,18.232261657714844,17.05872344970703,5212.0,0.9433301592793513
TAMO_p1,Chemoresistant,5,342,550,91.2040786743164,77.61248016357422,6457.772727272727,0.7060108274316511
TAMO_p1,Chemoresistant,5,BODIPY,550,16.221811294555664,16.419601440429688,6235.136363636364,1.0829708585766846
TAMO_p1,Chemoresistant,5,pHrodo,550,16.692832946777344,16.721355438232422,5426.363636363636,0.8683610974793488
TAMO_p1,Chemoresistant,5,TMRM,550,20.782928466796875,21.109588623046875,5992.545454545455,0.9417441727405639
TAMO_p1,Chemoresistant,5,Lyso,550,11.729275703430176,11.322473526000977,4946.727272727273,0.8412846889520137
TAMO_p1,Chemoresistant,5,Tubulin,550,30.448637008666992,28.613367080688477,9916.681818181818,1.4261371031912118
TAMO_p1,Chemoresistant,6,LipiBlue,925,10.365560531616211,10.318419456481934,4003.5405405405404,0.5363100887251543
TAMO_p1,Chemoresistant,6,342,925,31.875553131103516,10.302699089050293,4789.864864864865,0.24674867580532167
TAMO_p1,Chemoresistant,6,BODIPY,925,9.660141944885254,9.231256484985352,4770.945945945946,0.6449127058663388
TAMO_p1,Chemoresistant,6,pHrodo,925,14.173026084899902,11.41259765625,4112.918918918919,0.7372807554551799
TAMO_p1,Chemoresistant,6,TMRM,925,13.76641845703125,12.571843147277832,4451.486486486487,0.6238025782617459
TAMO_p1,Chemoresistant,6,Lyso,925,8.334142684936523,8.238134384155273,3710.0,0.5977680816495834
TAMO_p1,Chemoresistant,6,Tubulin,925,28.740083694458008,28.541152954101562,7461.8378378378375,1.34611278967333
TAMO_p2,Chemoresistant,0,LipiBlue,725,509.9735412597656,8.820856094360352,487.0689655172414,1.0
TAMO_p2,Chemoresistant,0,342,725,250.75430297851562,90.96856689453125,728.551724137931,1.0
TAMO_p2,Chemoresistant,0,BODIPY,725,235.138916015625,20.554447174072266,628.6206896551724,1.0
TAMO_p2,Chemoresistant,0,pHrodo,725,697.044921875,24.70485496520996,542.7586206896551,1.0
TAMO_p2,Chemoresistant,0,TMRM,725,197.2095947265625,20.669397354125977,631.1034482758621,1.0
TAMO_p2,Chemoresistant,0,Lyso,725,2413.884765625,13.669361114501953,476.13793103448273,1.0
TAMO_p2,Chemoresistant,0,Tubulin,725,283.85601806640625,19.03423500061035,955.8965517241379,1.0
TAMO_p2,Chemoresistant,1,LipiBlue,300,5.932679653167725,3.7391653060913086,1642.5,0.011633308736983653
TAMO_p2,Chemoresistant,1,342,300,19.7912654876709,4.3691086769104,1947.0,0.07892692269917535
TAMO_p2,Chemoresistant,1,BODIPY,300,6.603475093841553,4.969733238220215,1936.75,0.02808329308366273
TAMO_p2,Chemoresistant,1,pHrodo,300,10.80521297454834,9.527427673339844,1953.5833333333333,0.01550145856522863
TAMO_p2,Chemoresistant,1,TMRM,300,7.623195171356201,5.154590606689453,1759.3333333333333,0.03865529555966082
TAMO_p2,Chemoresistant,1,Lyso,300,5.252084255218506,3.931069850921631,1603.3333333333333,0.0021757808533410428
TAMO_p2,Chemoresistant,1,Tubulin,300,16.357528686523438,7.112504959106445,3189.8333333333335,0.0576261472205134
TAMO_p2,Chemoresistant,2,LipiBlue,550,4.455650806427002,2.934422016143799,733.0,0.008737023484434898
TAMO_p2,Chemoresistant,2,342,550,8.103352546691895,3.4401183128356934,961.7727272727273,0.03231590624941811
TAMO_p2,Chemoresistant,2,BODIPY,550,4.860037326812744,3.7704999446868896,909.9090909090909,0.020668791917411895
TAMO_p2,Chemoresistant,2,pHrodo,550,9.123208045959473,6.6574320793151855,995.2272727272727,0.013088407589884894
TAMO_p2,Chemoresistant,2,TMRM,550,6.9968366622924805,4.500018119812012,902.8636363636364,0.03547918990449639
TAMO_p2,Chemoresistant,2,Lyso,550,4.498541355133057,3.2723817825317383,805.0454545454545,0.001863610649188674
TAMO_p2,Chemoresistant,2,Tubulin,550,9.0878324508667,4.733676910400391,1477.5,0.03201564128452144
TAMO_p2,Chemoresistant,3,LipiBlue,475,3.783600330352783,2.2365872859954834,765.2631578947369,0.007419209084860204
TAMO_p2,Chemoresistant,3,342,475,8.210817337036133,2.3759925365448,1130.7368421052631,0.03274447233609239
TAMO_p2,Chemoresistant,3,BODIPY,475,3.9999680519104004,2.7076499462127686,958.8421052631579,0.017011084850134302
TAMO_p2,Chemoresistant,3,pHrodo,475,6.541952610015869,3.043030261993408,1058.157894736842,0.009385266866902199
TAMO_p2,Chemoresistant,3,TMRM,475,5.623304843902588,2.207648754119873,1012.2105263157895,0.028514357284185297
TAMO_p2,Chemoresistant,3,Lyso,475,3.841949939727783,1.8797580003738403,893.2105263157895,0.001591604534913675
TAMO_p2,Chemoresistant,3,Tubulin,475,7.755793571472168,2.808803081512451,1604.6315789473683,0.027322984463404087
TAMO_p2,Chemoresistant,4,LipiBlue,425,5.323866844177246,3.2035491466522217,1061.764705882353,0.010439496196265257
TAMO_p2,Chemoresistant,4,342,425,13.058721542358398,3.624317169189453,1465.8235294117646,0.052077756541937616
TAMO_p2,Chemoresistant,4,BODIPY,425,6.437034606933594,4.354099750518799,1293.0588235294117,0.02737545411881482
TAMO_p2,Chemoresistant,4,pHrodo,425,14.76375675201416,5.7540283203125,1400.1176470588234,0.021180495386582447
TAMO_p2,Chemoresistant,4,TMRM,425,11.26284122467041,4.414071083068848,1314.8235294117646,0.057111020588459224
TAMO_p2,Chemoresistant,4,Lyso,425,6.640383720397949,3.3439888954162598,1193.235294117647,0.0027509116487085617
TAMO_p2,Chemoresistant,4,Tubulin,425,13.012980461120605,4.8982625007629395,2191.9411764705883,0.045843595459992344
TAMO_p2,Chemoresistant,5,LipiBlue,400,8.15395736694336,6.126171588897705,601.5625,0.015988981206360216
TAMO_p2,Chemoresistant,5,342,400,26.771713256835938,11.757669448852539,1003.875,0.10676472123842162
TAMO_p2,Chemoresistant,5,BODIPY,400,10.816301345825195,8.945911407470703,701.9375,0.04599962238962797
TAMO_p2,Chemoresistant,5,pHrodo,400,41.155357360839844,13.921499252319336,785.8125,0.05904261844435354
TAMO_p2,Chemoresistant,5,TMRM,400,23.191064834594727,9.914549827575684,709.375,0.11759602704295341
TAMO_p2,Chemoresistant,5,Lyso,400,14.515893936157227,6.872452735900879,676.8125,0.006013499129234029
TAMO_p2,Chemoresistant,5,Tubulin,400,21.87936019897461,11.411850929260254,1206.6875,0.07707907814678101
TAMO_p2,Chemoresistant,6,LipiBlue,250,10.318269729614258,3.2065019607543945,920.8,0.020232951113748922
TAMO_p2,Chemoresistant,6,342,250,10.1708402633667,3.550198554992676,1430.0,0.0405609799814208
TAMO_p2,Chemoresistant,6,BODIPY,250,5.98004150390625,3.533803939819336,1179.1,0.02543195148313466
TAMO_p2,Chemoresistant,6,pHrodo,250,40.06285858154297,5.545548439025879,1327.9,0.05747528935979736
TAMO_p2,Chemoresistant,6,TMRM,250,9.850179672241211,4.2443108558654785,1320.6,0.04994777097888571
TAMO_p2,Chemoresistant,6,Lyso,250,50.29443359375,3.2888474464416504,1114.4,0.020835474132804278
TAMO_p2,Chemoresistant,6,Tubulin,250,41.48664474487305,4.1465535163879395,1976.9,0.1461538318879944
CNTL-MB231,Control,0,LipiBlue,325,21.735429763793945,20.173084259033203,5944.923076923077,1.0
CNTL-MB231,Control,0,342,325,65.65924835205078,55.725833892822266,6425.2307692307695,1.0
CNTL-MB231,Control,0,BODIPY,325,23.040618896484375,23.051237106323242,8238.076923076924,1.0
CNTL-MB231,Control,0,pHrodo,325,19.34840965270996,20.506303787231445,5839.384615384615,1.0
CNTL-MB231,Control,0,TMRM,325,19.41929054260254,20.02267074584961,5604.846153846154,1.0
CNTL-MB231,Control,0,Lyso,325,15.054645538330078,15.495887756347656,5937.307692307692,1.0
CNTL-MB231,Control,0,Tubulin,325,50.14081573486328,50.766334533691406,10484.384615384615,1.0
CNTL-MB231,Control,1,LipiBlue,300,19.288190841674805,18.460838317871094,5922.166666666667,0.8874078429221741
CNTL-MB231,Control,1,342,300,54.056640625,59.76525115966797,6219.166666666667,0.8232905794955176
CNTL-MB231,Control,1,BODIPY,300,20.560129165649414,21.54113006591797,8206.833333333334,0.8923427473029623
CNTL-MB231,Control,1,pHrodo,300,17.14801025390625,17.579193115234375,5777.166666666667,0.8862749219031798
CNTL-MB231,Control,1,TMRM,300,17.4612979888916,17.49932098388672,5627.5,0.8991728070901744
CNTL-MB231,Control,1,Lyso,300,13.489684104919434,13.629134178161621,5823.25,0.8960479388620507
CNTL-MB231,Control,1,Tubulin,300,40.98122787475586,41.213050842285156,10418.333333333334,0.8173227195077584
CNTL-MB231,Control,2,LipiBlue,425,15.046043395996094,13.707356452941895,4070.764705882353,0.6922358361213184
CNTL-MB231,Control,2,342,425,37.358428955078125,16.253780364990234,4384.176470588235,0.5689743622219106
CNTL-MB231,Control,2,BODIPY,425,18.753416061401367,19.626874923706055,5577.823529411765,0.813928486281366
CNTL-MB231,Control,2,pHrodo,425,15.933357238769531,16.52250099182129,3961.3529411764707,0.8234969966401289
CNTL-MB231,Control,2,TMRM,425,15.905780792236328,15.020489692687988,3876.176470588235,0.8190711579983737
CNTL-MB231,Control,2,Lyso,425,12.581811904907227,13.009136199951172,3974.3529411764707,0.8357428192429466
CNTL-MB231,Control,2,Tubulin,425,42.137481689453125,41.953521728515625,7143.058823529412,0.8403828512138589
CNTL-MB231,Control,3,LipiBlue,250,18.988616943359375,19.24679183959961,6499.5,0.8736250973509571
CNTL-MB231,Control,3,342,250,55.64213180541992,62.5220947265625,6839.2,0.8474378431364119
CNTL-MB231,Control,3,BODIPY,250,21.323301315307617,21.180315017700195,8889.7,0.925465648779131
CNTL-MB231,Control,3,pHrodo,250,17.923261642456055,17.631046295166016,6298.6,0.9263428862715702
CNTL-MB231,Control,3,TMRM,250,18.091154098510742,17.787330627441406,6255.8,0.931607365306261
CNTL-MB231,Control,3,Lyso,250,13.773445129394531,13.987918853759766,6278.8,0.9148966738756134
CNTL-MB231,Control,3,Tubulin,250,42.999488830566406,44.764652252197266,11394.9,0.8575745767268909
CNTL-MB231,Control,4,LipiBlue,250,17.4408016204834,16.352432250976562,6622.6,0.8024134700817199
CNTL-MB231,Control,4,342,250,49.40816116333008,50.960365295410156,6655.3,0.7524935542730269
CNTL-MB231,Control,4,BODIPY,250,19.717239379882812,18.430583953857422,9046.9,0.8557599719203438
CNTL-MB231,Control,4,pHrodo,250,17.190807342529297,16.80242919921875,6414.8,0.8884868395435039
CNTL-MB231,Control,4,TMRM,250,16.995094299316406,16.69959259033203,6416.9,0.8751655608649621
CNTL-MB231,Control,4,Lyso,250,13.230053901672363,13.44446849822998,6351.7,0.878802085906826
CNTL-MB231,Control,4,Tubulin,250,44.89665603637695,42.03001022338867,11742.9,0.8954113605527159
CNTL-MB231,Control,5,LipiBlue,225,15.979659080505371,16.48089599609375,6567.888888888889,0.7351894696429551
CNTL-MB231,Control,5,342,225,43.59641647338867,42.539981842041016,6482.555555555556,0.6639798287003539
CNTL-MB231,Control,5,BODIPY,225,17.752059936523438,18.03868293762207,8803.777777777777,0.7704680163444791
CNTL-MB231,Control,5,pHrodo,225,15.11224365234375,16.243106842041016,6167.666666666667,0.7810586980324303
CNTL-MB231,Control,5,TMRM,225,15.508050918579102,17.353139877319336,6344.666666666667,0.7985899837358703
CNTL-MB231,Control,5,Lyso,225,11.477714538574219,12.316765785217285,6078.888888888889,0.7624035059046215
CNTL-MB231,Control,5,Tubulin,225,42.62624740600586,41.26920700073242,11480.333333333334,0.8501307124999068
CNTL-MB231,Control,6,LipiBlue,250,20.005754470825195,20.18130111694336,5390.5,0.9204213897877475
CNTL-MB231,Control,6,342,250,59.9312744140625,48.51992416381836,5598.1,0.9127621152883731
CNTL-MB231,Control,6,BODIPY,250,20.952621459960938,19.443090438842773,7337.8,0.9093775455466593
CNTL-MB231,Control,6,pHrodo,250,16.962125778198242,17.059589385986328,5031.4,0.8766676994469417
CNTL-MB231,Control,6,TMRM,250,18.343433380126953,18.05626106262207,5227.4,0.9445985341166124
CNTL-MB231,Control,6,Lyso,250,13.111868858337402,13.124595642089844,4974.9,0.8709516823198366
CNTL-MB231,Control,6,Tubulin,250,51.89459991455078,45.89344024658203,9382.4,1.0349771768565001
CNTL_75uM_p1,Control,0,LipiBlue,180,16.45103645324707,14.545549392700195,3786.9,1.0
CNTL_75uM_p1,Control,0,342,180,112.68769836425781,70.54328918457031,5711.35,1.0
CNTL_75uM_p1,Control,0,BODIPY,180,27.623912811279297,25.36262321472168,5570.4,1.0
CNTL_75uM_p1,Control,0,pHrodo,180,18.77688980102539,18.610305786132812,4444.0,1.0
CNTL_75uM_p1,Control,0,TMRM,180,23.453248977661133,21.613162994384766,4657.4,1.0
CNTL_75uM_p1,Control,0,Lyso,180,13.989749908447266,13.560619354248047,4242.25,1.0
CNTL_75uM_p1,Control,0,Tubulin,180,22.416574478149414,18.418426513671875,7885.95,1.0
CNTL_75uM_p1,Control,1,LipiBlue,612,11.218923568725586,10.233413696289062,1260.6176470588234,0.6819584650857192
CNTL_75uM_p1,Control,1,342,612,75.69537353515625,61.063209533691406,1969.0441176470588,0.6717270352836068
CNTL_75uM_p1,Control,1,BODIPY,612,37.46049880981445,35.36553192138672,1959.5588235294117,1.3560895252506993
CNTL_75uM_p1,Control,1,pHrodo,612,30.385486602783203,22.793270111083984,1613.6764705882354,1.6182385328332638
CNTL_75uM_p1,Control,1,TMRM,612,27.3582706451416,25.251693725585938,1704.3529411764705,1.166502375478977
CNTL_75uM_p1,Control,1,Lyso,612,16.245668411254883,15.689184188842773,1483.735294117647,1.1612550987380734
CNTL_75uM_p1,Control,1,Tubulin,612,22.123737335205078,22.07426643371582,2776.25,0.9869365793052021
CNTL_75uM_p1,Control,2,LipiBlue,909,12.356094360351562,11.145297050476074,441.66336633663366,0.7510830333071654
CNTL_75uM_p1,Control,2,342,909,75.59790802001953,61.365692138671875,756.7722772277227,0.6708621182025811
CNTL_75uM_p1,Control,2,BODIPY,909,36.24662399291992,35.1242790222168,666.4257425742575,1.312146626024675
CNTL_75uM_p1,Control,2,pHrodo,909,30.53935432434082,26.652799606323242,566.3564356435644,1.6264330593596545
CNTL_75uM_p1,Control,2,TMRM,909,33.51689147949219,29.545621871948242,584.3960396039604,1.4290937477965855
CNTL_75uM_p1,Control,2,Lyso,909,17.956281661987305,17.7720947265625,524.9702970297029,1.283531283939892
CNTL_75uM_p1,Control,2,Tubulin,909,27.32025718688965,26.005325317382812,977.1584158415842,1.2187525446191658
CNTL_75uM_p1,Control,3,LipiBlue,666,12.030573844909668,11.090032577514648,490.0945945945946,0.7312957988452514
CNTL_75uM_p1,Control,3,342,666,66.88008117675781,55.04237747192383,759.2567567567568,0.5934993983156087
CNTL_75uM_p1,Control,3,BODIPY,666,37.61873245239258,35.83866882324219,755.5,1.361817665346534
CNTL_75uM_p1,Control,3,pHrodo,666,28.67474365234375,25.851266860961914,618.2432432432432,1.5271295702431957
CNTL_75uM_p1,Control,3,TMRM,666,33.36605453491211,27.98944091796875,648.6891891891892,1.4226623597733847
CNTL_75uM_p1,Control,3,Lyso,666,16.477609634399414,15.74699592590332,565.2027027027027,1.1778344675375456
CNTL_75uM_p1,Control,3,Tubulin,666,30.48601722717285,29.335302352905273,1064.054054054054,1.3599766216238407
CNTL_75uM_p1,Control,4,LipiBlue,576,13.59982967376709,11.242881774902344,1005.5625,0.8266852798251981
CNTL_75uM_p1,Control,4,342,576,84.89289093017578,62.74125671386719,1637.21875,0.7533465689907287
CNTL_75uM_p1,Control,4,BODIPY,576,38.680912017822266,39.88556671142578,1529.15625,1.4002691176330464
CNTL_75uM_p1,Control,4,pHrodo,576,25.87677764892578,22.537277221679688,1248.546875,1.3781184170081604
CNTL_75uM_p1,Control,4,TMRM,576,26.6708984375,25.343202590942383,1333.578125,1.1371941884428733
CNTL_75uM_p1,Control,4,Lyso,576,14.67813491821289,14.084097862243652,1165.421875,1.0492063842649515
CNTL_75uM_p1,Control,4,Tubulin,576,27.858299255371094,26.279441833496094,2200.3125,1.2427545199881458
CNTL_75uM_p1,Control,5,LipiBlue,396,14.665342330932617,11.84805679321289,1409.409090909091,0.8914540048957221
CNTL_75uM_p1,Control,5,342,396,96.43404388427734,82.52979278564453,2236.431818181818,0.8557637194129099
CNTL_75uM_p1,Control,5,BODIPY,396,54.83511734008789,46.20618438720703,2282.931818181818,1.9850597456888082
CNTL_75uM_p1,Control,5,pHrodo,396,27.34600830078125,23.49750518798828,1799.5,1.4563651696612667
CNTL_75uM_p1,Control,5,TMRM,396,29.364824295043945,28.024925231933594,2028.090909090909,1.2520578416667771
CNTL_75uM_p1,Control,5,Lyso,396,16.670787811279297,15.674951553344727,1646.7727272727273,1.1916430186656284
CNTL_75uM_p1,Control,5,Tubulin,396,29.011228561401367,26.392637252807617,3157.2954545454545,1.2941865221057793
CNTL_75uM_p1,Control,6,LipiBlue,243,15.888107299804688,13.363259315490723,1529.5185185185185,0.9657815387472883
CNTL_75uM_p1,Control,6,342,243,133.50367736816406,95.8084945678711,2427.3703703703704,1.184722727556468
CNTL_75uM_p1,Control,6,BODIPY,243,36.35724639892578,34.999149322509766,2140.296296296296,1.3161512146128886
CNTL_75uM_p1,Control,6,pHrodo,243,21.31937599182129,22.218379974365234,1879.2222222222222,1.1354050760130177
CNTL_75uM_p1,Control,6,TMRM,243,28.29083824157715,28.20099639892578,2103.5925925925926,1.2062652073716416
CNTL_75uM_p1,Control,6,Lyso,243,15.157183647155762,15.176268577575684,1689.3703703703704,1.083449221490627
CNTL_75uM_p1,Control,6,Tubulin,243,30.64299964904785,32.137298583984375,3248.259259259259,1.3669795837413588
CNTL_75uM_p2,Control,0,LipiBlue,90,13.721773147583008,13.362932205200195,5387.0,1.0
CNTL_75uM_p2,Control,0,342,90,51.16786575317383,35.926795959472656,7362.2,1.0
CNTL_75uM_p2,Control,0,BODIPY,90,15.131444931030273,13.461048126220703,7533.7,1.0
CNTL_75uM_p2,Control,0,pHrodo,90,15.043146133422852,14.918939590454102,5991.9,1.0
CNTL_75uM_p2,Control,0,TMRM,90,18.029232025146484,16.991865158081055,6469.2,1.0
CNTL_75uM_p2,Control,0,Lyso,90,10.26848030090332,9.64059829711914,5537.7,1.0
CNTL_75uM_p2,Control,0,Tubulin,90,26.471080780029297,23.206043243408203,10543.7,1.0
CNTL_75uM_p2,Control,1,LipiBlue,90,14.41708755493164,12.580955505371094,5569.2,1.050672343863308
CNTL_75uM_p2,Control,1,342,90,54.63017654418945,39.881629943847656,7399.5,1.0676657261359561
CNTL_75uM_p2,Control,1,BODIPY,90,17.796113967895508,17.34044075012207,7855.7,1.176101426467261
CNTL_75uM_p2,Control,1,pHrodo,90,19.137388229370117,17.44534683227539,6273.5,1.272166610603528
CNTL_75uM_p2,Control,1,TMRM,90,17.964672088623047,17.30801773071289,6555.5,0.996419152161701
CNTL_75uM_p2,Control,1,Lyso,90,10.734843254089355,10.66198444366455,5563.9,1.0454169399482618
CNTL_75uM_p2,Control,1,Tubulin,90,28.51243019104004,28.923778533935547,10777.8,1.0771162094957154
CNTL_75uM_p2,Control,2,LipiBlue,90,12.065261840820312,11.466859817504883,6029.2,0.8792786260969139
CNTL_75uM_p2,Control,2,342,90,37.98577880859375,24.463159561157227,7449.7,0.742375673666584
CNTL_75uM_p2,Control,2,BODIPY,90,14.77788257598877,15.025507926940918,8261.7,0.9766339330676578
CNTL_75uM_p2,Control,2,pHrodo,90,15.132332801818848,15.810991287231445,6636.8,1.0059287244573023
CNTL_75uM_p2,Control,2,TMRM,90,15.665950775146484,16.659645080566406,6974.2,0.8689194721825209
CNTL_75uM_p2,Control,2,Lyso,90,9.306979179382324,9.847124099731445,5800.0,0.9063638344384405
CNTL_75uM_p2,Control,2,Tubulin,90,25.310596466064453,25.122901916503906,11401.2,0.956160297208554
CNTL_75uM_p2,Control,3,LipiBlue,90,12.742155075073242,12.401630401611328,6732.2,0.9286084923592897
CNTL_75uM_p2,Control,3,342,90,40.456722259521484,25.69802474975586,8022.5,0.7906665963884187
CNTL_75uM_p2,Control,3,BODIPY,90,16.05034828186035,16.380992889404297,9134.0,1.0607280636461671
CNTL_75uM_p2,Control,3,pHrodo,90,34.759056091308594,15.375402450561523,7609.9,2.3106241063550494
CNTL_75uM_p2,Control,3,TMRM,90,21.48032569885254,16.800151824951172,7728.6,1.1914165655471405
CNTL_75uM_p2,Control,3,Lyso,90,9.6655912399292,9.910089492797852,6386.6,0.9412874112519761
CNTL_75uM_p2,Control,3,Tubulin,90,26.877490997314453,27.85973358154297,12744.6,1.015352989198377
CNTL_75uM_p2,Control,4,LipiBlue,72,12.286405563354492,12.355400085449219,6759.75,0.8953948903840212
CNTL_75uM_p2,Control,4,342,72,33.61239242553711,25.92330551147461,8153.0,0.6569043271743693
CNTL_75uM_p2,Control,4,BODIPY,72,15.328301429748535,14.027336120605469,8950.625,1.0130097620957907
CNTL_75uM_p2,Control,4,pHrodo,72,16.21176528930664,15.34799575805664,6990.25,1.0776844913636352
CNTL_75uM_p2,Control,4,TMRM,72,15.24749755859375,16.643939971923828,7601.625,0.8457097638616622
CNTL_75uM_p2,Control,4,Lyso,72,9.388558387756348,9.568357467651367,6380.25,0.9143084577890688
CNTL_75uM_p2,Control,4,Tubulin,72,27.846778869628906,28.62338638305664,12588.0,1.0519698497024528
CNTL_75uM_p2,Control,5,LipiBlue,117,13.732927322387695,10.786849021911621,4567.461538461538,1.0008128814464954
CNTL_75uM_p2,Control,5,342,117,58.06398010253906,30.64521026611328,5314.0,1.1347743207158778
CNTL_75uM_p2,Control,5,BODIPY,117,18.366168975830078,17.72698402404785,6034.0,1.2137749606560249
CNTL_75uM_p2,Control,5,pHrodo,117,17.461185455322266,15.97801399230957,4851.538461538462,1.1607402667269857
CNTL_75uM_p2,Control,5,TMRM,117,17.478330612182617,17.659189224243164,5135.692307692308,0.9694439889510829
CNTL_75uM_p2,Control,5,Lyso,117,11.916053771972656,10.98898696899414,4277.307692307692,1.1604495916425335
CNTL_75uM_p2,Control,5,Tubulin,117,25.708864212036133,29.619585037231445,8420.538461538461,0.971205687658654
CNTL_75uM_p2,Control,6,LipiBlue,99,15.05600357055664,13.70711898803711,4132.545454545455,1.0972345489626936
CNTL_75uM_p2,Control,6,342,99,72.43989562988281,74.40989685058594,4931.272727272727,1.4157302549870283
CNTL_75uM_p2,Control,6,BODIPY,99,21.818416595458984,17.559688568115234,5450.454545454545,1.4419255196650547
CNTL_75uM_p2,Control,6,pHrodo,99,35.15435028076172,18.821422576904297,4200.454545454545,2.336901467882161
CNTL_75uM_p2,Control,6,TMRM,99,25.46611785888672,18.305227279663086,4713.454545454545,1.4124904390474065
CNTL_75uM_p2,Control,6,Lyso,99,13.205018997192383,10.45262336730957,3827.4545454545455,1.2859759779673272
CNTL_75uM_p2,Control,6,Tubulin,99,33.07886505126953,37.797569274902344,7639.0,1.2496227610103996
CNTL_75uM_p3,Control,0,LipiBlue,144,12.66106128692627,12.959046363830566,4694.25,1.0
CNTL_75uM_p3,Control,0,342,144,73.44645690917969,60.95254898071289,8395.75,1.0
CNTL_75uM_p3,Control,0,BODIPY,144,12.033852577209473,12.409256935119629,6761.6875,1.0
CNTL_75uM_p3,Control,0,pHrodo,144,13.92972183227539,13.551370620727539,6387.0,1.0
CNTL_75uM_p3,Control,0,TMRM,144,14.523759841918945,14.668315887451172,6347.3125,1.0
CNTL_75uM_p3,Control,0,Lyso,144,8.594075202941895,9.083662986755371,5736.75,1.0
CNTL_75uM_p3,Control,0,Tubulin,144,12.81732177734375,12.559861183166504,10516.4375,1.0
CNTL_75uM_p3,Control,1,LipiBlue,144,12.093019485473633,11.162765502929688,4077.625,0.9551347403997489
CNTL_75uM_p3,Control,1,342,144,73.21669006347656,53.869850158691406,7153.6875,0.9968716415280965
CNTL_75uM_p3,Control,1,BODIPY,144,12.58891487121582,12.80836009979248,5735.375,1.0461250701257188
CNTL_75uM_p3,Control,1,pHrodo,144,14.099544525146484,14.071687698364258,5331.5,1.012191391537885
CNTL_75uM_p3,Control,1,TMRM,144,14.275473594665527,13.730941772460938,5456.5625,0.9829048228588299
CNTL_75uM_p3,Control,1,Lyso,144,9.048270225524902,8.810249328613281,4808.6875,1.0528497845152123
CNTL_75uM_p3,Control,1,Tubulin,144,13.233102798461914,14.618267059326172,9039.25,1.0324389937571132
CNTL_75uM_p3,Control,2,LipiBlue,108,14.765917778015137,13.801750183105469,5122.5,1.16624644991351
CNTL_75uM_p3,Control,2,342,108,88.25843811035156,60.28633117675781,8684.583333333334,1.2016704661395397
CNTL_75uM_p3,Control,2,BODIPY,108,13.538768768310547,13.087822914123535,6983.166666666667,1.1250568910866656
CNTL_75uM_p3,Control,2,pHrodo,108,17.11647605895996,17.254716873168945,6578.0,1.2287737160192826
CNTL_75uM_p3,Control,2,TMRM,108,16.178386688232422,16.163360595703125,6790.416666666667,1.113925516830555
CNTL_75uM_p3,Control,2,Lyso,108,9.2066650390625,9.532964706420898,5862.5,1.071280483548818
CNTL_75uM_p3,Control,2,Tubulin,108,14.73487663269043,14.791451454162598,11108.083333333334,1.1496065159834095
CNTL_75uM_p3,Control,3,LipiBlue,135,12.669194221496582,10.140928268432617,5675.666666666667,1.0006423580445591
CNTL_75uM_p3,Control,3,342,135,66.25190734863281,39.56515884399414,9099.866666666667,0.9020436129486368
CNTL_75uM_p3,Control,3,BODIPY,135,13.7987699508667,12.421791076660156,8024.533333333334,1.1466627052586424
CNTL_75uM_p3,Control,3,pHrodo,135,18.21956443786621,17.0461483001709,7905.466666666666,1.3079632642520675
CNTL_75uM_p3,Control,3,TMRM,135,16.954742431640625,16.84412956237793,7658.0,1.1673797016875271
CNTL_75uM_p3,Control,3,Lyso,135,10.192597389221191,10.16176700592041,6868.8,1.1860028157226383
CNTL_75uM_p3,Control,3,Tubulin,135,17.240135192871094,15.017281532287598,12613.666666666666,1.345065333644446
CNTL_75uM_p3,Control,4,LipiBlue,225,16.480762481689453,13.879744529724121,2655.28,1.3016888638480395
CNTL_75uM_p3,Control,4,342,225,103.98577880859375,80.55896759033203,4648.0,1.415803881965028
CNTL_75uM_p3,Control,4,BODIPY,225,24.667627334594727,19.554224014282227,3843.32,2.0498528776488385
CNTL_75uM_p3,Control,4,pHrodo,225,19.251792907714844,19.64130401611328,3647.4,1.3820658545462214
CNTL_75uM_p3,Control,4,TMRM,225,19.398094177246094,18.991771697998047,3670.2,1.3356110530868657
CNTL_75uM_p3,Control,4,Lyso,225,12.239283561706543,11.313526153564453,3165.04,1.4241536491927407
CNTL_75uM_p3,Control,4,Tubulin,225,17.357315063476562,16.106821060180664,5967.68,1.3542076390839957
CNTL_75uM_p3,Control,5,LipiBlue,297,18.39850616455078,15.123337745666504,2064.3939393939395,1.4531567099788831
CNTL_75uM_p3,Control,5,342,297,134.08546447753906,107.47595977783203,3649.848484848485,1.8256219580931266
CNTL_75uM_p3,Control,5,BODIPY,297,24.808290481567383,18.945980072021484,2967.969696969697,2.0615418314622707
CNTL_75uM_p3,Control,5,pHrodo,297,20.012290954589844,19.86885643005371,2868.3030303030305,1.436661205123353
CNTL_75uM_p3,Control,5,TMRM,297,19.56900978088379,19.521690368652344,2803.5454545454545,1.3473790529366287
CNTL_75uM_p3,Control,5,Lyso,297,12.936387062072754,11.85428524017334,2515.151515151515,1.5052680779014378
CNTL_75uM_p3,Control,5,Tubulin,297,15.856257438659668,15.764535903930664,4642.515151515152,1.2370959950999767
CNTL_75uM_p3,Control,6,LipiBlue,180,11.242310523986816,11.195895195007324,4361.15,0.8879437725805461
CNTL_75uM_p3,Control,6,342,180,51.3405647277832,32.653541564941406,7025.7,0.6990203052445191
CNTL_75uM_p3,Control,6,BODIPY,180,14.725470542907715,13.369213104248047,6158.8,1.22367051186881
CNTL_75uM_p3,Control,6,pHrodo,180,19.376340866088867,18.596752166748047,5819.0,1.3910070207714824
CNTL_75uM_p3,Control,6,TMRM,180,16.178293228149414,16.777324676513672,5761.9,1.113919081852008
CNTL_75uM_p3,Control,6,Lyso,180,9.628091812133789,9.610575675964355,5030.6,1.1203173796801236
CNTL_75uM_p3,Control,6,Tubulin,180,19.661422729492188,17.87601089477539,9448.2,1.533972780822766
CNTL_75uM_p4,Control,0,LipiBlue,126,7.792839050292969,7.158754348754883,4647.285714285715,1.0
CNTL_75uM_p4,Control,0,342,126,22.53891372680664,16.825420379638672,6234.357142857143,1.0
CNTL_75uM_p4,Control,0,BODIPY,126,7.582703590393066,7.204306602478027,6256.428571428572,1.0
CNTL_75uM_p4,Control,0,pHrodo,126,7.219876766204834,7.209379196166992,4920.5,1.0
CNTL_75uM_p4,Control,0,TMRM,126,7.976428031921387,7.5931196212768555,5256.214285714285,1.0
CNTL_75uM_p4,Control,0,Lyso,126,5.307450294494629,5.043881893157959,4556.5,1.0
CNTL_75uM_p4,Control,0,Tubulin,126,11.24803638458252,11.239831924438477,9311.357142857143,1.0
CNTL_75uM_p4,Control,1,LipiBlue,99,8.987523078918457,9.516216278076172,5863.818181818182,1.1533053641831053
CNTL_75uM_p4,Control,1,342,99,28.251279830932617,30.652183532714844,7421.636363636364,1.2534446057767183
CNTL_75uM_p4,Control,1,BODIPY,99,9.27446174621582,8.582460403442383,7886.545454545455,1.2231075151039972
CNTL_75uM_p4,Control,1,pHrodo,99,8.824851989746094,8.551775932312012,6120.363636363636,1.2222995316282834
CNTL_75uM_p4,Control,1,TMRM,99,9.445284843444824,8.634998321533203,6728.0,1.1841496977901793
CNTL_75uM_p4,Control,1,Lyso,99,6.182796001434326,5.9784836769104,5619.181818181818,1.1649277258135955
CNTL_75uM_p4,Control,1,Tubulin,99,13.707940101623535,13.621139526367188,11463.90909090909,1.218696280215875
CNTL_75uM_p4,Control,2,LipiBlue,81,8.965496063232422,9.665958404541016,5638.111111111111,1.1504787928213873
CNTL_75uM_p4,Control,2,342,81,24.000564575195312,24.140262603759766,7409.0,1.0648501017442673
CNTL_75uM_p4,Control,2,BODIPY,81,8.244243621826172,7.505496501922607,7067.666666666667,1.0872432930480425
CNTL_75uM_p4,Control,2,pHrodo,81,8.269872665405273,8.180794715881348,5776.555555555556,1.1454312771812551
CNTL_75uM_p4,Control,2,TMRM,81,10.108154296875,10.444107055664062,6506.444444444444,1.2672532437354815
CNTL_75uM_p4,Control,2,Lyso,81,6.14194393157959,6.314797401428223,5372.555555555556,1.1572306080662826
CNTL_75uM_p4,Control,2,Tubulin,81,13.582929611206055,13.672652244567871,10941.555555555555,1.2075822967486067
CNTL_75uM_p4,Control,3,LipiBlue,72,9.20328140258789,9.175521850585938,5183.875,1.1809921061107886
CNTL_75uM_p4,Control,3,342,72,21.058183670043945,23.325342178344727,6653.75,0.9343033974613608
CNTL_75uM_p4,Control,3,BODIPY,72,9.132058143615723,9.547760009765625,6747.0,1.204327458505119
CNTL_75uM_p4,Control,3,pHrodo,72,8.792999267578125,8.933223724365234,5315.375,1.2178877219534885
CNTL_75uM_p4,Control,3,TMRM,72,10.062915802001953,10.198407173156738,6007.125,1.2615817207565234
CNTL_75uM_p4,Control,3,Lyso,72,6.243012428283691,6.238275527954102,4950.0,1.1762733670364305
CNTL_75uM_p4,Control,3,Tubulin,72,16.175758361816406,14.195638656616211,10084.75,1.4380961981940446
CNTL_75uM_p4,Control,4,LipiBlue,90,7.499825477600098,7.771137237548828,5485.1,0.9623996375644567
CNTL_75uM_p4,Control,4,342,90,15.827913284301758,13.97220230102539,6488.8,0.7022482749679653
CNTL_75uM_p4,Control,4,BODIPY,90,7.787307262420654,7.159170150756836,6974.0,1.0269829447489958
CNTL_75uM_p4,Control,4,pHrodo,90,7.727896690368652,8.082008361816406,5531.2,1.0703640713844014
CNTL_75uM_p4,Control,4,TMRM,90,9.640459060668945,9.959351539611816,6317.5,1.2086185723845517
CNTL_75uM_p4,Control,4,Lyso,90,5.999549865722656,6.090604782104492,5175.4,1.1304015172682702
CNTL_75uM_p4,Control,4,Tubulin,90,14.56018352508545,13.951961517333984,10523.2,1.2944644760433768
CNTL_75uM_p4,Control,5,LipiBlue,99,8.321401596069336,8.143027305603027,5978.181818181818,1.0678266986351395
CNTL_75uM_p4,Control,5,342,99,20.23235321044922,15.684956550598145,7181.363636363636,0.8976631906792333
CNTL_75uM_p4,Control,5,BODIPY,99,8.503782272338867,8.350510597229004,7603.727272727273,1.1214710124120855
CNTL_75uM_p4,Control,5,pHrodo,99,8.342806816101074,8.508747100830078,5996.181818181818,1.1555331325255451
CNTL_75uM_p4,Control,5,TMRM,99,10.150717735290527,10.511070251464844,6844.272727272727,1.2725893964902222
CNTL_75uM_p4,Control,5,Lyso,99,6.279916286468506,6.7585129737854,5619.545454545455,1.1832265848975745
CNTL_75uM_p4,Control,5,Tubulin,99,15.168747901916504,14.458274841308594,11414.09090909091,1.348568530833349
CNTL_75uM_p4,Control,6,LipiBlue,81,8.408686637878418,7.315188407897949,6413.444444444444,1.0790273716178311
CNTL_75uM_p4,Control,6,342,81,21.522464752197266,16.850635528564453,7761.222222222223,0.9549024861211274
CNTL_75uM_p4,Control,6,BODIPY,81,8.481121063232422,8.27054214477539,8082.333333333333,1.1184824729239857
CNTL_75uM_p4,Control,6,pHrodo,81,8.519248962402344,7.506068706512451,6357.444444444444,1.1799715200513778
CNTL_75uM_p4,Control,6,TMRM,81,8.881797790527344,7.975775718688965,7078.777777777777,1.1135056638112573
CNTL_75uM_p4,Control,6,Lyso,81,5.842927932739258,5.848575115203857,5889.222222222223,1.100891691590607
CNTL_75uM_p4,Control,6,Tubulin,81,14.328533172607422,12.59557056427002,12207.666666666666,1.2738697389214781
